Date,Open,High,Low,Close,Adj Close,Volume
2021-01-04,69.5,70.75,68.49,69.8,69.8,7064176
2021-01-05,69.61,70.28,68.19,69.45,69.45,7825219
2021-01-06,70.03,70.2,66.06,66.73,66.73,8600273
2021-01-07,67.12,67.4,62.5,63.98,63.98,11522374
2021-01-08,63.42,64.9,63.31,64.1,64.1,6818415
2021-01-11,64.69,64.7,61.3,61.92,61.92,9162001
2021-01-12,62.47,62.8,61.7,62.5,62.5,4932881
2021-01-13,62.5,62.98,60.06,60.5,60.5,8047563
2021-01-14,61.5,64.25,60.58,62.9,62.9,8173870
2021-01-15,63.0,63.0,61.06,61.29,61.29,5022764
2021-01-18,61.29,63.45,60.14,62.9,62.9,5956233
2021-01-19,62.73,64.19,62.52,63.48,63.48,5883965
2021-01-20,63.48,65.26,62.84,65.08,65.08,6603578
2021-01-21,65.67,66.79,64.7,66.08,66.08,5871501
2021-01-22,66.07,66.78,62.25,62.37,62.37,9858957
2021-01-25,62.37,65.38,62.26,64.8,64.8,8512688
2021-01-26,64.67,65.76,63.49,64.35,64.35,7340948
2021-01-27,64.04,66.66,63.88,66.5,66.5,6420661
2021-01-28,65.47,67.71,65.09,65.7,65.7,7394277
2021-01-29,65.25,67.02,64.8,66.58,66.58,7507284
2021-02-01,65.0,66.48,62.66,63.8,63.8,10523796
2021-02-02,63.51,67.68,63.51,67.64,67.64,9040464
2021-02-03,67.65,68.98,66.7,67.76,67.76,6298577
2021-02-04,67.42,68.0,65.02,66.19,66.19,5177046
2021-02-05,66.0,69.27,65.88,67.35,67.35,6391439
2021-02-08,68.01,68.6,65.61,66.63,66.63,6144279
2021-02-09,66.63,69.15,65.43,69.08,69.08,7257628
2021-02-10,68.6,68.65,66.51,66.6,66.6,6848402
2021-02-18,67.32,69.57,66.0,68.18,68.18,8859985
2021-02-19,67.83,67.96,61.97,64.4,64.4,12515223
2021-02-22,64.4,64.48,61.75,62.6,62.6,8731617
2021-02-23,61.79,62.35,61.0,61.08,61.08,5331990
2021-02-24,61.3,61.9,60.06,60.3,60.3,5235314
2021-02-25,60.52,60.96,56.88,57.07,57.07,10182342
2021-02-26,55.8,57.45,54.63,57.26,57.26,8314499
2021-03-01,56.69,58.69,56.51,58.01,58.01,4887605
2021-03-02,58.02,58.5,56.3,56.9,56.9,3921939
2021-03-03,57.0,58.43,55.96,58.2,58.2,3789775
2021-03-04,57.57,57.79,53.8,54.01,54.01,6864902
2021-03-05,53.82,55.19,53.76,54.6,54.6,3318741
2021-03-08,54.89,54.89,52.58,53.24,53.24,4323427
2021-03-09,52.82,53.59,51.25,51.53,51.53,6714612
2021-03-10,52.28,53.19,50.76,51.0,51.0,5496358
2021-03-11,51.05,51.76,50.32,51.46,51.46,4463595
2021-03-12,51.27,51.39,50.1,51.08,51.08,4523521
2021-03-15,50.58,53.17,50.5,50.86,50.86,5361312
2021-03-16,51.2,51.87,50.55,51.59,51.59,4408644
2021-03-17,51.79,55.18,51.32,54.53,54.53,7922880
2021-03-18,54.53,55.25,54.01,54.55,54.55,3376225
2021-03-19,53.53,54.78,53.5,54.34,54.34,3792547
2021-03-22,54.59,55.77,53.91,54.22,54.22,4015042
2021-03-23,54.22,55.2,53.64,54.78,54.78,3077524
2021-03-24,54.7,56.47,54.4,54.76,54.76,5045415
2021-03-25,54.98,56.05,54.51,56.02,56.02,3458442
2021-03-26,56.4,56.96,55.6,56.55,56.55,3091487
2021-03-29,56.56,56.87,55.42,56.2,56.2,2469440
2021-03-30,55.89,58.61,55.8,58.3,58.3,4600102
2021-03-31,58.31,58.74,57.7,58.43,58.43,3351585
2021-04-01,58.39,58.69,57.58,57.87,57.87,2197540
2021-04-02,58.44,59.08,56.51,56.91,56.91,4621889
2021-04-06,56.96,58.86,56.93,58.7,58.7,3199269
2021-04-07,58.7,58.98,57.8,58.3,58.3,3405725
2021-04-08,58.16,59.9,58.04,59.8,59.8,3840834
2021-04-09,59.66,59.97,57.49,58.61,58.61,3938412
2021-04-12,58.5,58.5,57.11,57.36,57.36,2065248
2021-04-13,58.18,58.78,57.06,57.74,57.74,2685065
2021-04-14,58.17,60.8,57.7,60.77,60.77,5412255
2021-04-15,61.5,61.53,59.19,61.21,61.21,5466822
2021-04-16,61.58,62.25,61.03,62.0,62.0,4248137
2021-04-19,61.85,63.13,61.0,63.0,63.0,4236603
2021-04-20,64.2,65.25,62.15,63.59,63.59,8475498
2021-04-21,62.66,64.21,62.66,63.16,63.16,3341044
2021-04-22,63.78,65.73,63.18,65.48,65.48,5508645
2021-04-23,65.59,66.14,64.5,64.99,64.99,4000639
2021-04-26,64.6,65.5,62.93,63.0,63.0,5668688
2021-04-27,62.99,64.45,62.88,63.88,63.88,3267380
2021-04-28,63.98,64.74,63.37,63.7,63.7,3153708
2021-04-29,63.7,64.3,63.04,63.56,63.56,2785278
2021-04-30,63.01,64.12,62.9,63.4,63.4,1964491
2021-05-06,63.46,65.45,63.41,64.98,64.98,5022706
2021-05-07,65.25,65.25,63.38,63.38,63.38,3276193
2021-05-10,63.47,63.79,61.69,63.23,63.23,3854861
2021-05-11,63.15,64.9,62.88,64.25,64.25,3667790
2021-05-12,64.25,64.25,64.25,64.25,64.25,0
2021-05-13,64.0,64.0,60.08,61.44,61.44,5158596
2021-05-14,61.8,61.8,59.3,60.25,60.25,5538848
2021-05-17,60.55,63.78,60.28,63.55,63.55,5424743
2021-05-18,63.48,63.79,62.38,63.02,63.02,3029696
2021-05-19,63.04,63.69,62.22,62.52,62.52,2115519
2021-05-20,62.8,63.0,61.92,62.1,62.1,2415584
2021-05-21,62.22,63.28,60.9,61.88,61.88,4708929
2021-05-24,61.27,65.8,61.1,65.49,65.49,7951759
2021-05-25,65.99,66.89,65.6,66.71,66.71,4043722
2021-05-26,66.66,67.21,65.66,65.72,65.72,2354985
2021-05-27,65.78,66.66,65.1,66.18,66.18,2871980
2021-05-28,66.16,67.35,65.6,65.94,65.94,2884350
2021-05-31,66.46,66.92,65.38,66.4,66.4,3137142
2021-06-01,66.44,66.66,65.08,65.98,65.98,2822264
2021-06-02,66.26,66.26,64.23,64.61,64.61,3247026
2021-06-03,64.8,65.4,63.54,63.7,63.7,2314022
2021-06-04,63.5,64.15,62.5,62.73,62.73,3296819
2021-06-07,63.38,64.98,62.69,64.79,64.79,3033187
2021-06-08,64.79,65.09,63.15,63.8,63.8,3000895
2021-06-09,49.43,49.5,48.1,49.06,49.06,3480838
2021-06-10,48.38,50.14,48.38,49.85,49.85,7506986
2021-06-11,49.85,51.69,49.17,50.6,50.6,10376590
2021-06-15,51.0,51.75,49.87,49.98,49.98,7867325
2021-06-16,50.55,50.81,49.33,49.77,49.77,4530291
2021-06-17,49.6,50.5,48.89,50.31,50.31,3834104
2021-06-18,50.78,50.85,49.85,50.26,50.26,3914334
2021-06-21,50.0,50.65,49.6,50.27,50.27,4310137
2021-06-22,49.88,50.5,48.88,48.98,48.98,4204701
2021-06-23,48.98,49.88,48.23,49.11,49.11,4395016
2021-06-24,49.09,49.39,48.15,48.88,48.88,3841261
2021-06-25,48.78,49.32,48.48,48.76,48.76,3908827
2021-06-28,48.84,50.95,48.68,50.53,50.53,5909480
2021-06-29,50.53,51.44,50.21,50.9,50.9,4288697
2021-06-30,50.9,51.43,50.17,50.9,50.9,3928362
2021-07-01,52.79,55.99,52.75,55.22,55.22,15703867
2021-07-02,54.8,57.35,54.5,55.71,55.71,12465924
2021-07-05,57.02,58.48,56.2,58.19,58.19,11548982
2021-07-06,58.19,58.84,57.0,57.76,57.76,8069697
2021-07-07,58.35,58.36,56.63,57.49,57.49,7032403
2021-07-08,58.28,58.28,55.71,56.68,56.68,7155070
2021-07-09,56.8,56.88,54.38,55.3,55.3,8656953
2021-07-12,55.91,58.38,54.98,58.2,58.2,10947159
2021-07-13,58.88,59.75,57.3,58.9,58.9,7052442
2021-07-14,58.25,59.13,57.6,58.24,58.24,5232118
2021-07-15,58.2,59.6,57.8,58.99,58.99,7508766
2021-07-16,59.8,61.27,59.0,60.01,60.01,7939552
2021-07-19,60.0,60.09,57.52,60.05,60.05,8547815
2021-07-20,59.51,60.4,58.08,60.3,60.3,8160854
2021-07-21,60.29,62.45,59.3,61.25,61.25,6493615
2021-07-22,61.1,61.58,60.11,61.01,61.01,4836832
2021-07-23,60.56,62.5,60.08,61.6,61.6,5182232
2021-07-26,62.05,62.68,59.99,61.67,61.67,5632971
2021-07-27,63.08,67.84,63.0,65.14,65.14,20445372
2021-07-28,63.87,69.32,62.5,68.16,68.16,16067381
2021-07-29,68.96,73.11,66.0,72.75,72.75,16016827
2021-07-30,71.0,72.1,65.48,66.8,66.8,15781944
2021-08-02,66.8,69.99,66.0,68.68,68.68,12539751
2021-08-03,70.0,72.66,69.27,71.48,71.48,11428565
2021-08-04,71.41,73.05,68.55,72.52,72.52,10990689
2021-08-05,71.74,71.74,68.0,68.46,68.46,8388615
2021-08-06,69.38,69.88,66.8,67.05,67.05,6890401
2021-08-09,67.48,70.17,67.0,69.01,69.01,7190281
2021-08-10,68.11,69.48,67.66,68.72,68.72,4794389
2021-08-11,68.71,68.71,66.0,67.2,67.2,5889212
2021-08-12,67.71,68.96,66.61,67.6,67.6,5711305
2021-08-13,67.65,67.65,65.0,65.3,65.3,6495765
2021-08-16,65.3,66.79,64.5,65.99,65.99,4431242
2021-08-17,65.5,65.73,63.4,63.95,63.95,6556787
2021-08-18,63.93,65.23,63.41,64.6,64.6,4319085
2021-08-19,64.4,68.58,64.0,67.39,67.39,5732859
2021-08-20,67.47,69.87,66.5,69.4,69.4,8777616
2021-08-23,70.21,72.72,69.72,72.63,72.63,8990156
2021-08-24,73.6,75.33,73.1,74.0,74.0,8185166
2021-08-25,74.55,75.2,72.53,74.78,74.78,7125438
2021-08-26,74.12,75.1,72.65,72.84,72.84,4091703
2021-08-27,72.8,73.95,71.66,72.51,72.51,3846302
2021-08-30,74.36,74.38,69.59,70.28,70.28,6005301
2021-08-31,70.39,70.83,68.8,70.3,70.3,6043010
2021-09-01,70.16,70.77,68.32,69.98,69.98,3845003
2021-09-02,69.62,73.5,68.92,72.84,72.84,6247713
2021-09-03,72.91,75.26,72.0,73.83,73.83,7097782
2021-09-06,73.08,74.97,72.68,73.61,73.61,4245649
2021-09-07,73.11,74.09,72.3,72.74,72.74,3589341
2021-09-08,72.3,72.54,70.6,71.0,71.0,3717326
2021-09-09,71.0,72.2,70.6,71.16,71.16,2767438
2021-09-10,70.29,71.78,70.1,71.45,71.45,3419685
2021-09-13,71.46,71.68,67.77,69.94,69.94,5817914
2021-09-14,70.16,72.24,68.7,68.96,68.96,4773666
2021-09-15,68.9,69.8,67.28,69.33,69.33,3543697
2021-09-16,69.54,70.65,67.61,67.66,67.66,4266222
2021-09-17,67.6,68.5,67.1,67.67,67.67,1993675
2021-09-22,67.0,68.86,66.86,68.49,68.49,2012473
2021-09-23,68.02,69.1,66.69,66.79,66.79,4015227
2021-09-24,66.81,71.14,66.58,68.85,68.85,5137464
2021-09-27,69.59,70.46,65.8,66.49,66.49,5399577
2021-09-28,66.42,68.29,65.81,68.07,68.07,3111615
2021-09-29,67.45,67.93,63.8,64.46,64.46,5867987
2021-09-30,64.29,67.8,64.29,66.0,66.0,4453522
2021-10-08,66.73,69.87,65.66,68.13,68.13,5140339
2021-10-11,68.0,68.28,65.78,66.0,66.0,5049875
2021-10-12,66.19,66.87,65.4,65.95,65.95,2891814
2021-10-13,65.81,66.67,65.22,66.17,66.17,2290872
2021-10-14,66.16,67.5,65.5,67.39,67.39,1755489
2021-10-15,67.66,70.6,66.42,69.9,69.9,4489984
2021-10-18,69.93,70.48,67.78,69.67,69.67,3371302
2021-10-19,69.67,70.88,68.7,70.76,70.76,3483242
2021-10-20,70.95,76.84,70.53,73.3,73.3,9557593
2021-10-21,73.3,73.88,71.68,72.2,72.2,3618879
2021-10-22,71.87,73.49,71.73,71.88,71.88,2609434
2021-10-25,72.01,72.02,69.8,71.0,71.0,3874924
2021-10-26,71.01,71.82,69.55,69.9,69.9,2783382
2021-10-27,69.86,70.39,68.91,69.18,69.18,2477293
2021-10-28,69.35,70.45,68.21,68.67,68.67,2873282
2021-10-29,68.72,70.13,68.18,70.0,70.0,3341781
2021-11-01,68.0,74.5,68.0,69.83,69.83,7949395
2021-11-02,69.8,72.48,69.0,71.17,71.17,6009009
2021-11-03,71.63,74.14,71.0,73.18,73.18,5793641
2021-11-04,73.93,73.93,71.82,72.61,72.61,4512082
2021-11-05,72.61,74.2,72.13,72.39,72.39,3392800
2021-11-08,72.03,73.05,71.5,72.18,72.18,2932889
2021-11-09,72.16,74.99,71.9,73.99,73.99,3874777
2021-11-10,73.95,74.78,72.45,73.9,73.9,2668710
2021-11-11,73.62,73.89,71.56,71.99,71.99,3205213
2021-11-12,72.5,72.5,70.68,71.16,71.16,5743956
2021-11-15,70.9,73.44,70.9,72.61,72.61,7281462
2021-11-16,72.27,75.28,72.11,73.63,73.63,4962687
2021-11-17,73.17,74.6,72.0,72.99,72.99,3685436
2021-11-18,73.24,73.71,71.28,71.8,71.8,3230735
2021-11-19,71.61,72.05,70.49,70.51,70.51,3135804
2021-11-22,70.51,70.94,69.23,69.3,69.3,5263199
2021-11-23,69.54,69.78,67.77,68.88,68.88,4533790
2021-11-24,68.62,68.87,67.89,68.18,68.18,2563722
2021-11-25,67.97,68.78,66.48,67.57,67.57,3534213
2021-11-26,67.54,68.25,66.22,66.68,66.68,3437092
2021-11-29,66.36,66.6,64.69,65.59,65.59,9547920
2021-11-30,66.02,67.33,65.75,66.29,66.29,6198515
2021-12-01,66.8,67.45,65.84,66.25,66.25,5470114
2021-12-02,66.25,67.18,65.45,65.59,65.59,4226495
2021-12-03,65.49,66.37,64.23,64.81,64.81,6993318
2021-12-06,64.97,65.35,63.5,64.1,64.1,5047504
2021-12-07,64.1,64.45,62.36,62.96,62.96,4186015
2021-12-08,63.32,65.0,63.07,63.87,63.87,4318890
2021-12-09,63.76,66.56,63.72,66.29,66.29,8178859
2021-12-10,65.8,66.28,63.0,64.38,64.38,10089767
2021-12-13,64.0,64.0,61.4,61.42,61.42,11744400
2021-12-14,61.04,62.44,60.6,61.9,61.9,7446639
2021-12-15,61.9,62.77,60.3,60.3,60.3,5778611
2021-12-16,60.3,61.32,60.3,60.89,60.89,3601697
2021-12-17,61.11,61.32,59.48,59.65,59.65,4402911
2021-12-20,59.5,60.6,59.36,59.36,59.36,5543646
2021-12-21,59.7,60.2,59.02,59.78,59.78,4591288
2021-12-22,60.03,61.29,59.79,60.74,60.74,4625422
2021-12-23,60.76,61.0,59.8,60.25,60.25,2928959
2021-12-24,60.41,62.58,60.4,62.0,62.0,5736771
2021-12-27,62.0,62.4,61.11,61.58,61.58,2597803
2021-12-28,61.59,61.77,59.99,60.74,60.74,3428620
2021-12-29,60.75,60.99,59.4,59.64,59.64,3051336
2021-12-30,59.88,61.76,59.32,61.49,61.49,4609184
2021-12-31,60.73,62.3,60.39,60.83,60.83,4098978
2022-01-04,61.58,62.58,60.51,62.3,62.3,5299448
2022-01-05,62.67,62.97,60.28,60.54,60.54,6287719
2022-01-06,60.04,60.87,59.27,60.12,60.12,3242040
2022-01-07,60.67,61.86,59.5,59.63,59.63,2951818
2022-01-10,59.2,60.5,57.19,60.33,60.33,6873016
2022-01-11,60.34,60.93,56.7,57.18,57.18,5785966
2022-01-12,57.31,59.79,56.89,59.06,59.06,5226983
2022-01-13,60.7,61.36,58.26,58.52,58.52,6277824
2022-01-14,58.1,59.96,58.1,59.66,59.66,3515151
2022-01-17,60.89,64.57,60.44,63.69,63.69,11428016
2022-01-18,64.48,65.38,63.49,64.3,64.3,7383484
2022-01-19,64.28,65.09,62.72,63.33,63.33,6398207
2022-01-20,63.69,63.95,61.25,62.59,62.59,5453640
2022-01-21,62.49,64.24,61.62,62.45,62.45,5055218
2022-01-24,62.0,63.2,61.15,61.87,61.87,5443230
2022-01-25,61.68,62.6,60.4,60.72,60.72,4523433
2022-01-26,61.33,61.69,58.78,60.08,60.08,6551363
2022-01-27,59.79,60.16,57.05,57.05,57.05,6025884
2022-01-28,57.39,57.83,53.55,53.98,53.98,7389704
2022-02-07,54.98,56.15,53.98,54.83,54.83,7263472
2022-02-08,54.71,54.82,52.5,53.53,53.53,5188835
2022-02-09,53.7,54.31,52.9,54.08,54.08,5546605
2022-02-10,54.08,54.32,52.8,53.19,53.19,4425359
2022-02-11,53.0,53.5,52.15,52.43,52.43,3464035
2022-02-14,52.22,52.29,51.0,51.22,51.22,3489434
2022-02-15,51.8,53.0,51.14,52.76,52.76,4076678
2022-02-16,53.55,53.56,51.69,52.16,52.16,4094238
2022-02-17,51.81,52.66,51.71,52.03,52.03,2954626
2022-02-18,53.6,55.33,52.09,53.28,53.28,11930519
2022-02-21,54.9,57.57,54.82,56.23,56.23,18147191
2022-02-22,55.6,55.6,53.65,53.95,53.95,11169684
2022-02-23,53.8,55.2,53.1,54.4,54.4,8109448
2022-02-24,54.0,54.05,51.6,52.05,52.05,8661472
2022-02-25,52.93,53.75,52.41,53.04,53.04,5360222
2022-02-28,53.02,53.78,52.56,53.72,53.72,4718497
2022-03-01,53.88,54.07,53.23,53.43,53.43,4236865
2022-03-02,53.0,53.26,52.1,52.28,52.28,4062085
2022-03-03,52.48,52.76,51.15,51.22,51.22,4353082
2022-03-04,50.82,51.31,49.99,50.37,50.37,4244936
2022-03-07,50.15,50.15,47.9,48.12,48.12,6620139
2022-03-08,48.5,49.27,47.1,47.44,47.44,5607320
2022-03-09,47.8,49.75,47.52,49.61,49.61,9756430
2022-03-10,50.96,51.53,50.15,51.28,51.28,6449291
2022-03-11,50.51,50.58,48.88,50.4,50.4,6408301
2022-03-14,49.9,50.48,48.38,48.39,48.39,4446674
2022-03-15,48.1,49.0,46.23,46.27,46.27,6055747
2022-03-16,47.03,48.95,45.6,48.55,48.55,5851582
2022-03-17,49.49,51.7,48.9,51.56,51.56,8334908
2022-03-18,51.24,51.24,49.32,49.55,49.55,5426415
2022-03-21,50.0,50.18,48.44,48.99,48.99,4422979
2022-03-22,48.9,49.17,48.45,48.87,48.87,3274514
2022-03-23,48.88,48.9,47.81,47.98,47.98,4862881
2022-03-24,47.77,47.93,46.84,47.65,47.65,3390198
2022-03-25,47.88,48.28,47.0,47.47,47.47,3562742
2022-03-28,47.0,47.8,45.85,47.1,47.1,4002333
2022-03-29,48.0,48.19,46.44,47.18,47.18,4095187
2022-03-30,47.67,49.44,47.01,49.31,49.31,5423446
2022-03-31,49.0,49.22,48.39,48.75,48.75,2880976
2022-04-01,49.2,50.65,48.55,49.35,49.35,4399035
2022-04-06,48.95,49.25,48.05,49.05,49.05,4064727
2022-04-07,49.02,49.97,48.9,49.08,49.08,4849261
2022-04-08,48.2,48.99,46.01,46.65,46.65,9960848
2022-04-11,45.81,46.4,42.7,42.9,42.9,9662111
2022-04-12,42.74,46.95,42.74,46.88,46.88,10361069
2022-04-13,45.65,47.3,45.28,46.6,46.6,5231352
2022-04-14,48.15,48.3,46.08,47.7,47.7,5155255
2022-04-15,47.63,47.95,46.75,47.29,47.29,2469320
2022-04-18,46.79,47.92,46.21,47.51,47.51,2148355
2022-04-19,47.51,47.98,46.88,47.2,47.2,2817771
2022-04-20,47.3,47.87,46.55,46.8,46.8,2832369
2022-04-21,46.26,47.2,45.18,45.45,45.45,3135210
2022-04-22,44.6,45.19,43.99,44.36,44.36,3944430
2022-04-25,43.65,45.17,42.8,43.55,43.55,6507192
2022-04-26,43.44,43.98,40.0,40.43,40.43,6895932
2022-04-27,39.99,44.21,38.75,44.2,44.2,8339080
2022-04-28,43.6,47.07,43.6,46.04,46.04,9093501
2022-04-29,46.38,48.15,45.01,47.59,47.59,6420096
2022-05-05,47.59,48.99,47.1,48.83,48.83,5227337
2022-05-06,47.96,49.51,47.13,48.47,48.47,3852726
2022-05-09,48.01,49.6,48.01,48.88,48.88,3672192
2022-05-10,48.63,50.5,48.11,50.26,50.26,4467626
2022-05-11,50.26,51.5,49.69,50.0,50.0,4462840
2022-05-12,49.99,51.41,49.67,50.67,50.67,2473706
2022-05-13,50.99,51.35,50.34,50.46,50.46,1732607
2022-05-16,50.81,50.81,49.2,49.8,49.8,3238752
2022-05-17,50.1,50.1,49.25,49.53,49.53,3004115
2022-05-18,49.9,50.38,48.52,48.97,48.97,3349525
2022-05-19,48.62,48.94,47.63,48.61,48.61,2573784
2022-05-20,48.7,49.18,48.23,48.8,48.8,2468529
2022-05-23,48.9,49.29,48.31,48.96,48.96,2237077
2022-05-24,49.08,49.08,47.18,47.25,47.25,2297548
2022-05-25,47.17,48.8,45.75,48.42,48.42,2452891
2022-05-26,48.11,48.8,47.08,48.16,48.16,2623657
2022-05-27,48.31,49.0,47.86,47.89,47.89,2065171
2022-05-30,48.49,52.47,48.19,52.0,52.0,6990485
2022-05-31,52.0,52.56,51.32,52.18,52.18,4172301
2022-06-01,52.41,52.41,50.43,50.82,50.82,3650833
2022-06-02,50.81,52.98,50.75,52.84,52.84,4043890
2022-06-06,52.41,55.45,52.21,54.82,54.82,6077177
2022-06-07,54.8,55.37,54.1,54.75,54.75,2618280
2022-06-08,54.38,55.15,53.5,54.49,54.49,3115471
2022-06-09,54.5,54.5,52.84,53.72,53.72,3710287
2022-06-10,53.01,54.8,53.0,53.98,53.98,5213947
2022-06-13,53.12,53.93,52.8,53.6,53.6,3201352
2022-06-14,53.91,54.06,52.66,53.93,53.93,3089440
2022-06-15,53.61,55.42,53.5,54.87,54.87,4065689
2022-06-16,54.87,55.2,54.16,54.52,54.52,2450551
2022-06-17,54.62,54.98,53.44,54.5,54.5,2974777
2022-06-20,54.8,54.97,53.68,54.01,54.01,3064279
2022-06-21,54.5,55.1,53.51,54.86,54.86,2106020
2022-06-22,54.39,54.98,53.6,53.83,53.83,2113829
2022-06-23,53.71,55.2,53.61,55.09,55.09,3045421
2022-06-24,55.3,56.56,54.62,55.63,55.63,4427880
2022-06-27,55.5,56.86,55.29,56.0,56.0,2798725
2022-06-28,55.7,56.12,54.85,55.87,55.87,3899850
2022-06-29,55.86,56.63,54.85,55.21,55.21,3557751
2022-06-30,55.48,55.54,52.65,54.6,54.6,8718158
2022-07-01,54.6,55.3,53.25,53.6,53.6,2837705
2022-07-04,53.86,55.0,53.0,54.23,54.23,3852769
2022-07-05,54.2,54.76,52.94,53.37,53.37,2884636
2022-07-06,53.0,53.82,52.77,53.21,53.21,2921121
2022-07-07,52.81,53.5,52.6,52.6,52.6,3166519
2022-07-08,53.66,54.47,53.2,53.59,53.59,3040231
2022-07-11,53.56,53.57,51.0,52.26,52.26,3502648
2022-07-12,51.96,52.7,51.22,51.77,51.77,1958306
2022-07-13,52.34,53.96,51.44,53.13,53.13,3190239
2022-07-14,53.13,53.6,52.59,53.36,53.36,2582961
2022-07-15,40.4,42.05,40.1,40.22,40.22,4147815
2022-07-18,40.22,41.89,39.8,41.5,41.5,4275576
2022-07-19,41.64,43.0,41.3,42.81,42.81,6981659
2022-07-20,42.99,43.08,42.16,42.45,42.45,2865185
2022-07-21,42.35,43.39,42.2,42.74,42.74,4584915
2022-07-22,43.17,43.49,41.72,42.17,42.17,5142654
2022-07-25,42.0,42.44,40.89,41.64,41.64,4616958
2022-07-26,41.65,42.14,41.29,41.57,41.57,3457022
2022-07-27,41.65,41.93,41.2,41.61,41.61,2515211
2022-07-28,41.96,42.05,41.0,41.25,41.25,4354123
2022-07-29,41.02,41.5,39.96,40.19,40.19,5878198
2022-08-01,39.99,40.84,39.56,40.39,40.39,4263642
2022-08-02,40.03,40.49,38.8,39.55,39.55,5817210
2022-08-03,39.85,41.22,39.66,40.21,40.21,5419007
2022-08-04,40.43,40.75,39.78,40.5,40.5,2814189
2022-08-05,40.4,42.11,40.2,41.8,41.8,5502192
2022-08-08,42.78,42.86,41.0,42.2,42.2,3965984
2022-08-09,42.27,42.42,41.42,41.85,41.85,4354526
2022-08-10,41.76,41.78,40.71,40.95,40.95,3808883
2022-08-11,41.01,41.34,40.46,40.91,40.91,4250240
2022-08-12,40.4,40.79,39.27,40.05,40.05,6827378
2022-08-15,40.07,40.2,39.23,39.31,39.31,6696817
2022-08-16,39.31,39.55,38.87,39.43,39.43,4376948
2022-08-17,39.44,40.18,38.91,39.1,39.1,4223090
2022-08-18,39.01,39.3,38.81,38.93,38.93,2689579
2022-08-19,38.94,39.27,38.0,38.01,38.01,4824202
2022-08-22,37.8,39.52,37.47,39.19,39.19,5335543
2022-08-23,39.2,39.88,38.93,39.41,39.41,3930099
2022-08-24,39.75,39.79,38.34,38.46,38.46,3925555
2022-08-25,38.86,38.89,36.88,37.3,37.3,4473529
2022-08-26,37.11,38.44,37.11,37.52,37.52,3326596
2022-08-29,37.0,38.05,36.75,37.9,37.9,2832055
2022-08-30,37.58,38.07,37.2,37.8,37.8,1975841
2022-08-31,37.8,38.48,37.54,38.01,38.01,2806669
2022-09-01,37.96,39.56,37.78,38.41,38.41,4646726
2022-09-02,38.41,38.88,37.72,38.13,38.13,3013319
2022-09-05,37.97,38.96,37.3,38.83,38.83,4247625
2022-09-06,39.06,39.48,38.4,39.17,39.17,4610037
2022-09-07,39.22,40.98,38.9,40.22,40.22,8149932
2022-09-08,40.47,41.3,40.11,41.16,41.16,5360048
2022-09-09,41.38,41.85,40.71,41.39,41.39,5716565
2022-09-13,41.79,42.37,41.0,41.5,41.5,5550322
2022-09-14,41.01,41.95,40.93,41.24,41.24,4066810
2022-09-15,41.48,41.67,40.39,40.75,40.75,5480487
2022-09-16,40.91,41.9,40.6,40.67,40.67,4946182
2022-09-19,40.53,40.89,39.89,40.14,40.14,3712908
2022-09-20,40.38,40.54,39.82,40.06,40.06,3427684
2022-09-21,39.9,40.17,39.42,39.42,39.42,2955395
2022-09-22,39.39,39.61,38.84,39.0,39.0,4965244
2022-09-23,38.87,39.06,37.65,38.25,38.25,6368882
2022-09-26,37.93,38.78,37.6,38.07,38.07,4235923
2022-09-27,38.04,38.75,38.04,38.65,38.65,2072872
2022-09-28,38.65,38.65,37.75,37.75,37.75,1957733
2022-09-29,37.75,38.55,37.62,37.76,37.76,2520164
2022-09-30,37.61,37.99,36.58,36.79,36.79,4611646
2022-10-10,36.9,37.3,36.09,36.4,36.4,4739274
2022-10-11,36.18,36.64,35.35,35.6,35.6,4864599
2022-10-12,35.65,36.45,35.22,36.17,36.17,5565349
2022-10-13,36.14,37.58,36.01,37.02,37.02,6375609
2022-10-14,37.1,37.99,36.92,37.65,37.65,4274268
2022-10-17,37.62,39.28,37.58,38.6,38.6,4728815
2022-10-18,38.6,38.8,38.1,38.61,38.61,3867811
2022-10-19,38.54,38.67,38.1,38.39,38.39,1976009
2022-10-20,38.36,39.24,38.03,38.69,38.69,3753605
2022-10-21,38.63,39.18,38.0,38.83,38.83,3172458
2022-10-24,38.83,39.85,38.26,39.04,39.04,6758503
2022-10-25,38.99,40.18,38.4,38.85,38.85,6085785
2022-10-26,38.72,41.01,38.56,40.05,40.05,8774924
2022-10-27,39.9,42.0,39.55,41.16,41.16,8437451
2022-10-28,41.0,42.5,40.81,41.43,41.43,9814703
2022-10-31,41.29,42.76,41.16,42.32,42.32,7576985
2022-11-01,42.1,42.96,41.94,42.65,42.65,5248331
2022-11-02,42.42,42.74,42.1,42.45,42.45,3836838
2022-11-03,42.17,42.6,41.43,42.02,42.02,7512632
2022-11-04,42.0,42.58,41.5,42.04,42.04,4940276
2022-11-07,41.9,42.36,41.5,41.98,41.98,3948175
2022-11-08,42.1,42.24,41.2,41.9,41.9,3996521
2022-11-09,41.5,42.14,40.88,41.57,41.57,3616658
2022-11-10,41.21,42.55,41.11,41.5,41.5,2924337
2022-11-11,42.13,42.65,40.91,40.93,40.93,4775136
2022-11-14,40.98,41.87,40.83,41.56,41.56,3395062
2022-11-15,41.64,43.17,41.27,42.45,42.45,6486791
2022-11-16,42.5,42.99,41.3,41.4,41.4,3925985
2022-11-17,41.42,42.78,41.0,42.55,42.55,5293603
2022-11-18,42.78,44.25,41.9,42.05,42.05,8513728
2022-11-21,42.08,43.29,41.31,42.81,42.81,5336946
2022-11-22,42.66,42.8,41.73,41.93,41.93,3937707
2022-11-23,42.06,43.17,41.51,41.82,41.82,3136324
2022-11-24,41.94,42.28,41.08,41.14,41.14,2233055
2022-11-25,41.13,41.34,40.4,40.55,40.55,4312802
2022-11-28,39.79,40.98,39.61,40.43,40.43,2338608
2022-11-29,40.54,40.68,38.81,39.33,39.33,9484006
2022-11-30,39.48,39.59,38.66,39.38,39.38,7138181
2022-12-01,39.58,40.98,39.41,40.93,40.93,5889638
2022-12-02,40.73,41.28,40.58,40.66,40.66,2717723
2022-12-05,41.0,41.66,40.49,40.66,40.66,3383609
2022-12-06,41.0,41.5,40.41,40.9,40.9,5344486
2022-12-07,40.91,41.49,40.7,41.21,41.21,3091219
2022-12-08,41.19,41.3,40.42,40.99,40.99,4790747
2022-12-09,40.75,41.06,40.48,40.77,40.77,3510106
2022-12-12,41.04,41.7,40.6,41.58,41.58,4251256
2022-12-13,41.46,41.77,40.71,40.75,40.75,2884414
2022-12-14,40.6,41.12,40.45,40.8,40.8,2646832
2022-12-15,40.76,41.04,40.47,40.55,40.55,2548743
2022-12-16,40.55,40.79,40.11,40.56,40.56,3376881
2022-12-19,40.6,40.9,39.68,40.08,40.08,2774341
2022-12-20,40.05,40.29,39.2,39.35,39.35,2472243
2022-12-21,39.14,39.69,39.07,39.33,39.33,2191625
2022-12-22,39.9,40.08,39.2,39.33,39.33,2628531
2022-12-23,39.29,40.05,39.09,39.69,39.69,2199294
2022-12-26,39.74,40.6,39.73,40.46,40.46,3015439
2022-12-27,40.46,41.04,40.35,40.9,40.9,2342931
2022-12-28,41.04,41.25,40.34,40.48,40.48,3012184
2022-12-29,40.2,41.23,40.03,41.12,41.12,3905875
2022-12-30,43.92,45.23,43.48,44.8,44.8,19912195
2023-01-03,44.78,46.66,44.5,46.38,46.38,12878104
2023-01-04,46.33,47.15,45.53,46.13,46.13,6915121
2023-01-05,46.17,46.63,45.83,46.01,46.01,4035296
2023-01-06,46.01,46.3,45.55,45.6,45.6,3587105
2023-01-09,45.69,45.87,45.21,45.22,45.22,3984359
2023-01-10,45.3,45.69,44.86,45.29,45.29,3523022
2023-01-11,45.32,45.38,44.44,44.9,44.9,4342298
2023-01-12,44.8,46.08,44.61,45.64,45.64,4077942
2023-01-13,45.5,46.0,45.1,45.95,45.95,3439127
2023-01-16,45.96,46.55,45.7,45.83,45.83,3599730
2023-01-17,45.87,46.5,45.61,46.23,46.23,5087067
2023-01-18,46.36,47.88,46.08,47.3,47.3,7443351
2023-01-19,47.76,48.48,47.41,48.26,48.26,5374142
2023-01-20,48.9,53.0,48.9,50.3,50.3,16303425
2023-01-30,50.68,51.1,49.45,50.08,50.08,8089957
2023-01-31,50.25,50.8,49.8,50.02,50.02,6072315
2023-02-01,50.02,50.05,49.0,49.5,49.5,6060462
2023-02-02,49.73,49.9,48.66,48.84,48.84,7120864
2023-02-03,48.61,50.3,48.56,50.12,50.12,5786614
2023-02-06,50.12,50.82,49.63,50.59,50.59,5396000
2023-02-07,50.33,50.48,49.51,49.51,49.51,3234280
2023-02-08,49.6,49.87,48.88,49.05,49.05,3519560
2023-02-09,49.6,49.6,48.6,49.31,49.31,4530724
2023-02-10,49.45,49.86,48.09,48.51,48.51,6269517
2023-02-13,48.56,49.16,48.2,48.46,48.46,5920696
2023-02-14,48.7,49.33,48.55,48.76,48.76,5393091
2023-02-15,48.67,49.97,48.67,49.83,49.83,4912533
2023-02-16,49.58,52.36,49.58,50.21,50.21,11853523
2023-02-17,50.25,50.7,47.68,47.82,47.82,9017536
2023-02-20,47.9,50.19,47.59,50.02,50.02,6650862
2023-02-21,49.91,50.28,48.4,48.76,48.76,6100148
2023-02-22,48.54,49.39,48.45,48.79,48.79,4689095
2023-02-23,48.7,48.89,47.69,47.92,47.92,3934616
2023-02-24,48.0,49.54,47.79,49.17,49.17,5276774
2023-02-27,49.0,50.4,48.56,49.66,49.66,4065992
2023-02-28,50.76,51.34,49.19,49.49,49.49,7719277
2023-03-01,49.25,51.42,49.16,51.36,51.36,6738372
2023-03-02,51.31,51.73,50.58,51.02,51.02,4269850
2023-03-03,50.71,50.99,50.28,50.64,50.64,2828773
2023-03-06,51.01,53.0,50.51,52.58,52.58,9517577
2023-03-07,52.56,52.79,51.21,51.58,51.58,5666823
2023-03-08,51.64,52.1,51.27,51.91,51.91,3663410
2023-03-09,51.9,53.37,51.41,52.96,52.96,5227568
2023-03-10,52.5,53.68,52.5,52.56,52.56,4578749
2023-03-13,52.54,55.03,51.88,54.9,54.9,6586593
2023-03-14,54.88,54.97,53.5,53.91,53.91,5926495
2023-03-15,54.32,54.48,52.58,52.7,52.7,5062491
2023-03-16,52.5,54.18,52.48,52.75,52.75,5273094
2023-03-17,53.05,54.8,53.05,54.01,54.01,5301389
2023-03-20,54.01,54.93,53.57,53.65,53.65,4241719
2023-03-21,53.62,54.17,52.0,52.65,52.65,6116485
2023-03-22,52.65,53.97,52.24,53.95,53.95,4510625
2023-03-23,53.75,55.18,52.81,54.94,54.94,6143605
2023-03-24,54.8,56.0,54.16,55.8,55.8,6083832
2023-03-27,55.92,57.02,55.31,55.89,55.89,6658062
2023-03-28,55.33,56.8,55.23,55.6,55.6,4896147
2023-03-29,55.6,57.15,55.5,56.29,56.29,5087071
2023-03-30,56.15,56.85,55.9,56.33,56.33,4416022
2023-03-31,56.0,58.54,55.7,58.2,58.2,6696214
2023-04-03,58.2,58.5,54.38,56.63,56.63,10246869
2023-04-04,55.5,57.75,55.22,57.6,57.6,6696855
2023-04-06,58.62,61.48,57.8,58.23,58.23,7486208
2023-04-07,58.25,61.0,58.03,60.57,60.57,6749472
2023-04-10,59.87,60.66,58.8,59.36,59.36,5630267
2023-04-11,58.98,59.34,57.39,58.32,58.32,7428688
2023-04-12,58.32,58.86,57.51,58.63,58.63,5458105
2023-04-13,58.59,58.88,57.5,57.75,57.75,5343611
2023-04-14,57.79,58.96,57.26,58.1,58.1,4124574
2023-04-17,57.97,58.18,56.6,57.42,57.42,8978728
2023-04-18,57.01,57.98,56.62,57.4,57.4,7011730
2023-04-19,57.5,58.56,56.8,57.01,57.01,5673306
2023-04-20,59.18,59.23,56.77,57.5,57.5,8521537
2023-04-21,56.96,57.45,55.72,55.8,55.8,7830722
2023-04-24,55.85,56.16,55.03,55.2,55.2,5831479
2023-04-25,55.2,56.3,54.8,55.66,55.66,5152396
2023-04-26,55.41,55.55,53.02,53.62,53.62,7216900
2023-04-27,53.62,55.47,53.52,54.46,54.46,6247288
2023-04-28,53.48,54.1,52.7,54.0,54.0,11122489
2023-05-04,54.99,55.0,52.0,53.36,53.36,6322119
2023-05-05,53.15,53.63,52.51,53.32,53.32,4007858
2023-05-08,53.01,54.35,52.78,53.81,53.81,4545854
2023-05-09,53.99,54.3,52.8,53.37,53.37,5124933
2023-05-10,53.36,54.67,52.8,53.08,53.08,4471694
2023-05-11,53.31,53.42,52.2,52.5,52.5,3466445
2023-05-12,52.43,53.25,52.0,52.0,52.0,2750153
2023-05-15,52.0,52.66,51.33,52.55,52.55,3679869
2023-05-16,52.92,52.98,51.9,51.97,51.97,2737934
2023-05-17,52.04,52.44,51.58,52.16,52.16,4465519
2023-05-18,52.16,53.14,52.16,52.68,52.68,3320944
2023-05-19,52.68,53.5,52.38,53.09,53.09,3655682
2023-05-22,52.95,53.23,51.98,52.85,52.85,4277266
2023-05-23,52.5,52.77,51.95,52.3,52.3,2386524
2023-05-24,52.15,53.45,51.85,52.7,52.7,3154835
2023-05-25,52.66,53.5,51.91,53.24,53.24,3711250
2023-05-26,52.52,55.49,52.52,55.19,55.19,6273168
2023-05-29,55.19,55.75,50.22,52.0,52.0,16739880
2023-05-30,52.0,53.79,51.61,53.38,53.38,8739082
2023-05-31,53.38,53.53,52.38,53.03,53.03,5515760
2023-06-01,52.6,54.4,52.2,53.96,53.96,4955549
2023-06-02,54.17,54.45,53.37,53.63,53.63,4021015
2023-06-05,53.23,53.82,52.9,53.11,53.11,3969662
2023-06-06,53.49,53.49,52.2,52.22,52.22,4277431
2023-06-07,52.28,52.81,51.18,52.62,52.62,6022194
2023-06-08,54.95,57.28,53.88,54.39,54.39,11122034
2023-06-09,44.87,45.75,43.86,45.5,45.5,11089077
2023-06-12,46.05,46.1,44.71,45.37,45.37,6965180
2023-06-13,45.34,46.12,44.64,45.25,45.25,6594336
2023-06-14,45.26,46.0,44.88,45.65,45.65,7052837
2023-06-15,45.6,50.22,45.6,50.22,50.22,21401475
2023-06-16,49.99,53.45,49.66,52.6,52.6,17111999
2023-06-19,52.8,55.05,52.0,54.52,54.52,15538591
2023-06-20,54.0,55.4,53.56,53.95,53.95,10999431
2023-06-21,53.5,54.55,52.87,53.3,53.3,7390700
2023-06-26,52.85,53.41,51.3,51.87,51.87,9828219
2023-06-27,51.55,51.8,50.58,51.09,51.09,8196704
2023-06-28,51.0,51.09,49.48,50.29,50.29,7188412
2023-06-29,50.04,51.28,49.73,50.7,50.7,6868816
2023-06-30,50.56,51.65,50.0,50.81,50.81,6652407
2023-07-03,51.0,51.39,49.71,50.77,50.77,7702732
2023-07-04,50.2,50.88,49.6,50.63,50.63,4588729
2023-07-05,50.9,51.14,49.81,50.0,50.0,3791323
2023-07-06,50.02,50.48,49.02,49.62,49.62,4730634
2023-07-07,49.78,49.8,48.42,49.1,49.1,4373903
2023-07-10,49.2,49.7,48.3,49.54,49.54,5874357
2023-07-11,49.95,52.53,49.8,52.4,52.4,12866472
2023-07-12,52.42,53.11,51.8,52.21,52.21,7270888
2023-07-13,52.27,53.0,50.36,52.69,52.69,8159432
2023-07-14,52.4,53.08,52.08,52.36,52.36,4946481
2023-07-17,52.39,53.54,51.68,52.25,52.25,3411422
2023-07-18,52.5,52.58,51.85,51.95,51.95,3102468
2023-07-19,52.28,53.06,51.97,52.71,52.71,3874187
2023-07-20,52.7,52.8,51.2,51.3,51.3,4007145
2023-07-21,51.1,51.2,50.02,50.58,50.58,5710286
2023-07-24,50.65,51.06,50.11,50.43,50.43,2952765
2023-07-25,50.99,50.99,49.5,49.54,49.54,6523270
2023-07-26,49.5,50.48,49.1,49.36,49.36,3898020
2023-07-27,49.22,49.66,48.51,48.84,48.84,4443569
2023-07-28,48.65,48.97,48.03,48.22,48.22,8093706
2023-07-31,48.22,48.66,47.38,48.02,48.02,7561441
2023-08-01,48.02,49.3,47.9,48.88,48.88,5137697
2023-08-02,48.88,49.18,48.51,49.02,49.02,3147131
2023-08-03,48.89,49.24,48.61,48.85,48.85,2995902
2023-08-04,49.08,50.17,48.86,49.81,49.81,5582682
2023-08-07,49.82,51.1,49.81,50.43,50.43,5218921
2023-08-08,50.47,51.61,50.37,50.85,50.85,3945756
2023-08-09,50.67,50.7,49.48,49.68,49.68,3844846
2023-08-10,49.6,50.09,49.34,49.98,49.98,3356021
2023-08-11,50.05,50.73,49.82,49.92,49.92,3247020
2023-08-14,49.57,50.39,49.03,50.23,50.23,4005817
2023-08-15,50.49,50.54,49.41,50.12,50.12,2411038
2023-08-16,50.14,50.48,49.13,49.36,49.36,2999223
2023-08-17,49.2,49.73,48.74,49.61,49.61,2495580
2023-08-18,49.61,49.75,48.9,49.0,49.0,3193751
2023-08-21,49.0,50.35,48.4,49.55,49.55,6181751
2023-08-22,50.2,50.38,48.32,49.23,49.23,4555261
2023-08-23,48.97,49.2,47.97,48.0,48.0,3765709
2023-08-24,48.0,49.39,47.9,48.92,48.92,4312720
2023-08-25,48.43,48.95,47.2,47.55,47.55,4795157
2023-08-28,49.3,49.5,47.35,47.35,47.35,5996460
2023-08-29,47.09,48.56,47.09,47.7,47.7,4409058
2023-08-30,47.93,48.9,47.75,48.21,48.21,4003948
2023-08-31,48.02,48.5,47.71,47.93,47.93,4605682
2023-09-01,48.0,48.5,47.74,47.88,47.88,4643157
2023-09-04,47.9,47.99,46.3,47.32,47.32,6996840
2023-09-05,47.1,47.54,46.6,46.75,46.75,4590963
2023-09-06,46.38,46.74,45.88,45.96,45.96,6657579
2023-09-07,46.26,46.74,45.66,45.82,45.82,4646629
2023-09-08,45.8,46.17,45.26,45.49,45.49,2547709
2023-09-11,45.6,47.17,45.5,46.75,46.75,4823198
2023-09-12,46.59,47.17,46.5,46.99,46.99,2457738
2023-09-13,46.65,46.96,45.7,45.83,45.83,3094238
2023-09-14,45.62,46.3,45.62,46.2,46.2,2858000
2023-09-15,46.06,46.49,45.35,45.49,45.49,3725316
2023-09-18,45.28,45.74,44.91,45.33,45.33,4727015
2023-09-19,45.39,45.39,44.56,45.28,45.28,5817988
2023-09-20,45.45,45.95,44.59,44.65,44.65,2881361
2023-09-21,44.89,44.91,44.41,44.59,44.59,2814604
2023-09-22,44.7,45.55,43.88,45.45,45.45,4069863
2023-09-25,45.78,46.38,44.75,44.85,44.85,4138726
2023-09-26,44.84,45.87,44.75,45.3,45.3,4699965
2023-09-27,45.31,45.43,44.51,44.84,44.84,3368566
2023-09-28,44.87,45.3,44.35,45.18,45.18,4312640
2023-10-09,44.8,44.95,44.21,44.43,44.43,4911861
2023-10-10,44.44,44.66,44.14,44.32,44.32,2908111
2023-10-11,44.32,45.05,44.03,44.76,44.76,4453503
2023-10-12,44.85,45.55,44.7,44.95,44.95,3876690
2023-10-13,45.1,45.1,44.1,44.19,44.19,3555745
2023-10-16,44.16,44.9,43.94,44.39,44.39,3360581
2023-10-17,44.64,45.01,44.0,44.81,44.81,3062964
2023-10-18,44.6,44.65,43.55,43.94,43.94,2887720
2023-10-19,43.68,44.54,43.51,43.65,43.65,2340583
2023-10-20,43.38,43.71,42.24,42.5,42.5,5509819
2023-10-23,42.88,43.45,42.0,42.31,42.31,3537784
2023-10-24,42.16,42.72,41.32,41.79,41.79,6183516
2023-10-25,42.13,42.5,41.32,42.03,42.03,5151171
2023-10-26,41.91,42.25,41.55,42.04,42.04,3415737
2023-10-27,41.8,42.31,41.32,42.14,42.14,5688942
2023-10-30,42.02,43.95,41.87,43.15,43.15,5585536
2023-10-31,43.1,43.46,42.2,42.67,42.67,2959303
2023-11-01,42.76,42.91,41.72,41.98,41.98,3932693
2023-11-02,42.0,42.0,41.52,41.55,41.55,2114283
2023-11-03,41.53,42.2,41.41,41.78,41.78,4100089
2023-11-06,41.94,43.5,41.78,43.05,43.05,7334485
2023-11-07,42.97,43.39,42.65,42.98,42.98,3676669
2023-11-08,43.02,44.5,42.9,43.48,43.48,6516152
2023-11-09,43.48,44.07,43.11,43.8,43.8,3498602
2023-11-10,43.35,43.78,43.1,43.55,43.55,1908933
2023-11-13,43.76,43.77,43.08,43.25,43.25,3139919
2023-11-14,43.28,43.66,43.12,43.44,43.44,2049770
2023-11-15,43.79,43.96,43.0,43.11,43.11,3931261
2023-11-16,42.95,43.3,42.68,43.06,43.06,3011447
2023-11-17,43.04,43.89,42.83,43.23,43.23,3492003
2023-11-20,43.21,44.33,42.86,43.69,43.69,5575681
2023-11-21,43.81,44.1,43.23,43.38,43.38,3126501
2023-11-22,43.25,43.57,42.38,42.38,42.38,3310859
2023-11-23,42.27,42.74,41.78,42.63,42.63,2750160
2023-11-24,42.73,42.73,41.38,41.61,41.61,4474725
2023-11-27,41.4,42.83,41.4,42.04,42.04,3642216
2023-11-28,41.96,42.88,41.66,42.39,42.39,3083081
2023-11-29,42.34,42.59,41.64,41.66,41.66,4139966
2023-11-30,41.71,42.56,41.71,42.0,42.0,3601150
2023-12-01,41.8,43.5,41.8,43.11,43.11,4944276
2023-12-04,43.65,45.5,43.65,44.85,44.85,9485521
2023-12-05,45.01,45.21,44.02,44.04,44.04,6257224
2023-12-06,43.97,44.73,43.24,44.06,44.06,5886935
2023-12-07,44.08,44.8,43.82,44.6,44.6,5972060
2023-12-08,45.84,47.12,45.05,46.93,46.93,12751158
2023-12-11,46.88,48.03,46.2,47.92,47.92,9292958
2023-12-12,47.92,48.36,47.41,48.11,48.11,5169478
2023-12-13,48.11,48.3,47.55,47.62,47.62,3956472
2023-12-14,47.86,47.98,47.21,47.66,47.66,3519029
2023-12-15,47.65,47.92,46.59,46.81,46.81,6209389
2023-12-18,46.81,48.09,46.6,47.06,47.06,5837129
2023-12-19,47.18,47.68,46.92,47.44,47.44,3421301
2023-12-20,47.7,47.9,46.64,46.84,46.84,4080748
2023-12-21,46.6,47.46,46.36,47.04,47.04,4101908
2023-12-22,47.04,47.25,46.65,46.8,46.8,4382323
2023-12-25,46.86,47.46,46.74,46.83,46.83,3966178
2023-12-26,47.16,47.28,46.24,47.25,47.25,3972566
2023-12-27,47.29,48.2,47.1,48.04,48.04,5395343
2023-12-28,48.05,49.2,47.62,48.44,48.44,6062555
2023-12-29,48.45,49.33,48.17,48.8,48.8,6473935
2024-01-02,48.6,48.75,47.54,47.54,47.54,4566721
2024-01-03,47.55,47.97,46.41,46.8,46.8,6144771
2024-01-04,46.87,47.19,46.5,46.8,46.8,3316693
2024-01-05,46.87,47.16,46.3,46.64,46.64,4046849
2024-01-08,46.64,46.65,45.45,45.86,45.86,5688954
2024-01-09,45.8,46.23,44.95,45.38,45.38,5352520
2024-01-10,45.07,45.51,44.83,45.16,45.16,3654580
2024-01-11,45.0,45.34,44.85,45.1,45.1,4359025
2024-01-12,44.97,45.2,44.06,44.48,44.48,6440603
2024-01-15,44.47,44.64,43.97,44.25,44.25,5145226
2024-01-16,44.24,44.31,42.89,43.42,43.42,8002019
2024-01-17,44.72,44.77,42.96,42.96,42.96,6095257
2024-01-18,42.29,43.8,42.1,43.56,43.56,6506986
2024-01-19,43.4,43.98,43.21,43.63,43.63,4676294
2024-01-22,43.42,43.91,42.26,42.7,42.7,4917213
2024-01-23,42.65,43.2,42.26,43.0,43.0,4725967
2024-01-24,43.1,43.5,42.5,43.32,43.32,4294982
2024-01-25,43.32,44.8,42.88,44.6,44.6,5369867
2024-01-26,44.39,45.1,44.3,44.69,44.69,4157065
2024-01-29,44.51,44.99,43.11,43.2,43.2,5776644
2024-01-30,43.13,43.5,42.25,42.27,42.27,3775659
2024-01-31,42.05,42.42,41.0,41.0,41.0,5939846
2024-02-01,40.9,41.51,39.7,41.0,41.0,6472572
2024-02-02,41.16,41.55,37.7,39.75,39.75,7949059
2024-02-05,39.87,40.73,38.37,39.8,39.8,9197508
2024-02-06,40.1,43.19,39.81,43.12,43.12,8636233
2024-02-07,43.25,43.88,42.44,43.18,43.18,7270291
2024-02-08,43.09,43.75,42.11,42.62,42.62,8169522
2024-02-19,43.49,43.75,42.8,43.7,43.7,6973749
2024-02-20,43.33,43.35,41.8,42.73,42.73,6689120
2024-02-21,42.1,42.92,41.75,42.2,42.2,6103351
2024-02-22,42.79,43.9,42.52,43.36,43.36,6710310
2024-02-23,43.5,43.84,42.43,42.93,42.93,5346872
2024-02-26,42.96,44.37,42.66,43.86,43.86,8754159
2024-02-27,43.39,45.56,43.26,45.38,45.38,9093011
2024-02-28,45.57,46.7,45.13,45.39,45.39,11225726
2024-02-29,45.07,46.8,45.02,46.8,46.8,7996195
2024-03-01,46.89,47.52,46.11,47.1,47.1,9203252
2024-03-04,47.05,47.5,46.35,46.71,46.71,8287318
2024-03-05,46.42,47.08,46.0,46.23,46.23,7526131
2024-03-06,46.46,46.55,45.57,45.69,45.69,7763346
2024-03-07,45.9,46.55,44.41,44.54,44.54,9979465
2024-03-08,44.75,44.98,43.8,44.15,44.15,9709530
2024-03-11,44.0,44.06,43.01,43.73,43.73,10036395
2024-03-12,43.86,44.12,43.43,43.65,43.65,8614626
2024-03-13,44.0,44.28,43.04,43.77,43.77,12271092
2024-03-14,43.12,44.75,43.1,44.3,44.3,15805711
2024-03-15,44.3,44.3,42.18,42.86,42.86,16745773
2024-03-18,42.84,42.84,40.5,41.67,41.67,26605232
2024-03-19,41.07,41.5,40.82,41.34,41.34,12782239
2024-03-20,41.4,41.78,41.15,41.56,41.56,11132910
2024-03-21,41.58,41.81,40.5,40.66,40.66,14835672
2024-03-22,40.35,40.46,39.08,39.5,39.5,16220955
2024-03-25,39.48,39.58,38.7,38.7,38.7,11577025
2024-03-26,38.99,39.39,38.34,38.55,38.55,9513460
2024-03-27,38.45,38.55,37.59,37.6,37.6,9703601
2024-03-28,37.49,38.7,36.91,38.47,38.47,13565876
2024-03-29,38.21,38.31,37.21,37.95,37.95,11179948
2024-04-01,38.0,38.2,36.66,37.2,37.2,23967409
2024-04-02,36.97,37.0,35.34,35.8,35.8,27552827
2024-04-03,35.58,36.53,35.28,36.12,36.12,16225702
2024-04-08,36.0,37.33,35.7,36.7,36.7,17420217
2024-04-09,36.7,38.75,36.7,38.67,38.67,22114595
2024-04-10,38.78,39.51,38.3,38.8,38.8,16841010
2024-04-11,38.6,39.06,38.05,38.05,38.05,11595517
2024-04-12,38.01,38.25,37.04,37.11,37.11,10160127
2024-04-15,37.01,38.45,36.93,38.12,38.12,10978640
2024-04-16,38.0,38.49,37.57,37.72,37.72,8963739
2024-04-17,37.61,38.3,37.61,38.27,38.27,7934300
2024-04-18,38.15,38.44,37.76,38.01,38.01,6407619
2024-04-19,38.04,38.21,37.37,37.5,37.5,6527935
2024-04-22,37.35,37.63,36.56,37.1,37.1,7270770
2024-04-23,36.8,37.35,36.4,36.9,36.9,6017079
2024-04-24,37.55,40.5,37.55,40.09,40.09,21815231
2024-04-25,39.92,40.01,39.01,39.8,39.8,10435009
2024-04-26,39.6,40.1,39.6,39.77,39.77,7412513
2024-04-29,40.48,41.0,39.8,40.41,40.41,11864150
2024-04-30,40.41,41.76,40.31,41.03,41.03,11359547
2024-05-06,41.5,42.46,41.26,41.91,41.91,9664871
2024-05-07,42.1,42.1,40.49,40.65,40.65,8907521
2024-05-08,39.98,40.5,39.81,40.01,40.01,6079627
2024-05-09,39.85,40.17,39.78,40.03,40.03,5429693
2024-05-10,40.04,40.27,39.41,40.0,40.0,5518334
2024-05-13,39.61,40.19,39.55,39.8,39.8,6095283
2024-05-14,39.8,40.65,39.75,39.95,39.95,6101663
2024-05-15,39.7,39.95,38.92,38.93,38.93,4942728
2024-05-16,39.33,39.42,38.51,39.0,39.0,6181087
2024-05-17,39.0,39.76,38.67,39.69,39.69,5328237
2024-05-20,39.68,40.68,39.62,40.21,40.21,6929335
2024-05-21,40.21,41.22,40.17,40.73,40.73,6470682
2024-05-22,40.5,40.99,40.1,40.72,40.72,5225725
2024-05-23,40.69,41.15,39.85,39.95,39.95,4638474
2024-05-24,40.13,40.24,39.0,39.2,39.2,4840965
2024-05-27,39.0,40.1,38.98,40.02,40.02,4172837
2024-05-28,39.94,40.03,38.93,39.14,39.14,5191116
2024-05-29,39.0,39.44,38.71,38.98,38.98,3377100
2024-05-30,38.72,39.67,38.56,39.41,39.41,4218738
2024-05-31,39.55,40.27,39.51,39.55,39.55,4868191
2024-06-03,39.49,40.0,39.23,39.97,39.97,4667736
2024-06-04,40.1,40.66,39.61,40.52,40.52,5775665
2024-06-05,40.51,41.83,40.18,41.32,41.32,7055186
2024-06-06,41.51,41.79,40.98,41.3,41.3,6186435
2024-06-07,41.3,41.62,40.9,41.28,41.28,6260032
2024-06-11,40.8,41.96,40.8,41.82,41.82,7746110
2024-06-12,34.3,34.3,33.6,34.0,34.0,7636756
2024-06-13,33.91,34.05,33.57,34.02,34.02,5484205
2024-06-14,33.85,34.08,33.4,33.77,33.77,8375281
2024-06-17,33.68,34.2,33.35,33.82,33.82,5922009
2024-06-18,33.89,34.11,33.65,33.97,33.97,3486127
2024-06-19,33.97,34.08,33.44,33.6,33.6,3629201
2024-06-20,33.49,33.58,32.9,33.07,33.07,5056218
2024-06-21,33.08,33.29,32.82,33.21,33.21,4591145
2024-06-24,33.04,33.49,32.9,33.01,33.01,6215315
2024-06-25,33.01,33.2,31.81,32.02,32.02,6858284
2024-06-26,32.2,32.97,31.82,32.88,32.88,4716631
2024-06-27,32.85,33.22,32.57,32.63,32.63,4207766
2024-06-28,32.57,32.87,31.81,31.93,31.93,7020188
2024-07-01,31.92,32.13,31.16,31.93,31.93,6086839
2024-07-02,32.18,32.29,31.21,31.37,31.37,4945673
2024-07-03,31.0,31.13,29.42,30.82,30.82,11546054
2024-07-04,30.71,30.99,30.36,30.4,30.4,5216013
2024-07-05,30.5,31.17,30.22,30.96,30.96,7431831
2024-07-08,30.83,30.98,30.11,30.45,30.45,6765848
2024-07-09,30.11,30.35,29.68,30.0,30.0,9522630
2024-07-10,29.84,30.15,29.54,30.0,30.0,4852253
2024-07-11,30.34,31.31,29.96,31.3,31.3,8595047
2024-07-12,31.09,31.26,30.43,30.72,30.72,7293328
2024-07-15,30.6,30.61,29.91,30.01,30.01,4507432
2024-07-16,29.92,30.72,29.7,30.65,30.65,7793063
2024-07-17,30.51,31.12,30.34,30.8,30.8,7105025
2024-07-18,30.82,31.18,30.31,31.07,31.07,5147819
2024-07-19,30.9,32.07,30.81,31.88,31.88,8264341
2024-07-22,32.3,32.45,31.46,32.0,32.0,8378065
2024-07-23,31.85,31.93,31.21,31.28,31.28,5950544
2024-07-24,31.1,31.78,31.02,31.78,31.78,6966465
2024-07-25,31.6,31.6,30.52,31.31,31.31,6733055
2024-07-26,31.12,32.02,30.53,31.98,31.98,7175935
2024-07-29,31.68,32.12,31.4,31.6,31.6,5207404
2024-07-30,31.55,31.96,31.13,31.8,31.8,4108755
2024-07-31,31.71,32.2,31.55,32.14,32.14,9017890
2024-08-01,32.12,32.12,30.8,30.86,30.86,10035900
2024-08-02,30.58,30.87,30.12,30.77,30.77,7786009
2024-08-05,30.48,31.01,30.22,30.8,30.8,8783252
2024-08-06,30.85,30.94,30.26,30.6,30.6,3984952
2024-08-07,30.6,31.11,30.44,30.44,30.44,2896374
2024-08-08,30.39,30.76,29.96,30.63,30.63,3960633
2024-08-09,30.75,31.11,30.33,30.68,30.68,3707637
2024-08-12,30.6,30.75,30.26,30.59,30.59,2872269
2024-08-13,30.43,30.72,30.31,30.52,30.52,1858181
2024-08-14,30.54,30.54,30.15,30.21,30.21,2755799
2024-08-15,30.08,30.77,29.6,30.61,30.61,4565450
2024-08-16,30.5,30.68,30.22,30.34,30.34,4246413
2024-08-19,30.19,30.49,29.95,30.08,30.08,3668434
2024-08-20,30.04,30.04,29.4,29.86,29.86,5219646
2024-08-21,29.65,30.09,29.48,29.89,29.89,3682680
2024-08-22,29.88,30.21,29.52,29.89,29.89,3114111
2024-08-23,29.71,29.85,29.39,29.79,29.79,7137186
2024-08-26,29.68,29.77,28.11,28.19,28.19,7526622
2024-08-27,28.1,29.16,28.03,28.89,28.89,6825947
2024-08-28,29.37,29.37,28.27,29.1,29.1,5091070
2024-08-29,29.07,29.41,28.95,29.15,29.15,5541694
2024-08-30,29.13,29.52,28.91,29.28,29.28,7660458
2024-09-02,29.25,29.25,28.71,28.9,28.9,5805330
2024-09-03,28.9,29.87,28.65,29.6,29.6,6476080
2024-09-04,29.4,30.22,29.37,30.0,30.0,5812815
2024-09-05,30.09,30.26,29.37,29.54,29.54,5539422
2024-09-06,29.51,29.7,28.85,29.1,29.1,4891476
2024-09-09,29.01,29.26,28.56,29.06,29.06,6035314
2024-09-10,28.78,29.57,28.78,29.29,29.29,4482739
2024-09-11,29.17,29.82,29.12,29.67,29.67,4163933
2024-09-12,29.67,30.1,29.3,29.68,29.68,3209087
2024-09-13,29.8,29.85,29.18,29.19,29.19,3216886
2024-09-18,29.3,29.57,28.88,29.37,29.37,4070316
2024-09-19,29.37,29.49,28.56,28.9,28.9,8038768
2024-09-20,28.87,29.18,28.24,28.51,28.51,7143738
2024-09-23,29.43,29.44,28.24,28.29,28.29,8324890
2024-09-24,28.3,28.87,27.47,28.85,28.85,14165118
2024-09-25,28.9,29.66,28.34,28.47,28.47,25698856
2024-09-26,28.36,28.48,27.56,28.48,28.48,27502066
2024-09-27,28.87,30.44,28.85,30.3,30.3,28546174
2024-09-30,32.0,33.13,31.43,32.99,32.99,51380408
2024-10-08,36.29,36.29,32.26,34.92,34.92,68613301
2024-10-09,33.8,33.8,31.49,31.5,31.5,46599930
2024-10-10,31.4,32.5,30.9,31.84,31.84,27062538
2024-10-11,31.75,31.75,29.52,30.02,30.02,29269922
2024-10-14,30.02,30.2,28.48,29.87,29.87,34319252
2024-10-15,29.78,30.14,28.45,28.51,28.51,37966820
2024-10-16,28.01,28.21,27.5,27.78,27.78,27442332
2024-10-17,28.0,28.67,27.69,27.94,27.94,25965590
2024-10-18,27.8,28.98,27.58,28.53,28.53,37782497
2024-10-21,28.61,29.77,28.36,29.29,29.29,34025814
2024-10-22,29.02,29.3,28.64,29.16,29.16,20353089
2024-10-23,29.19,29.47,28.85,29.28,29.28,20655737
2024-10-24,29.32,29.36,28.65,28.66,28.66,17118550
2024-10-25,28.59,29.13,28.43,28.9,28.9,19685373
2024-10-28,28.99,29.1,28.72,29.08,29.08,17703513
2024-10-29,29.15,29.37,28.71,28.75,28.75,17983940
2024-10-30,28.37,28.37,26.87,27.19,27.19,47994047
2024-10-31,27.03,27.09,26.38,26.88,26.88,32332404
2024-11-01,26.69,27.54,26.6,27.11,27.11,24557033
2024-11-04,27.12,27.3,26.58,26.81,26.81,29372692
2024-11-05,26.8,27.66,26.58,27.53,27.53,35325803
2024-11-06,27.59,28.11,27.29,27.68,27.68,33216464
2024-11-07,27.5,28.55,27.3,28.54,28.54,33908854
2024-11-08,28.98,30.32,28.68,29.56,29.56,52466510
2024-11-11,29.65,30.53,29.32,30.51,30.51,54023912
2024-11-12,30.89,30.89,29.63,29.89,29.89,44422120
2024-11-13,29.81,30.16,29.56,30.02,30.02,25938569
2024-11-14,30.03,30.05,28.94,29.0,29.0,25718185
2024-11-15,28.98,29.62,28.61,28.65,28.65,22227982
2024-11-18,28.65,28.77,27.5,27.81,27.81,23083026
2024-11-19,27.8,28.13,27.42,28.01,28.01,17465787
2024-11-20,28.02,28.25,27.85,28.07,28.07,16107071
2024-11-21,28.09,28.18,27.81,28.13,28.13,14129861
2024-11-22,28.14,29.39,27.98,28.3,28.3,32027263
2024-11-25,28.45,28.9,27.71,27.95,27.95,19771191
2024-11-26,27.88,27.98,27.28,27.38,27.38,16852588
2024-11-27,27.35,27.96,27.11,27.96,27.96,13267310
2024-11-28,27.86,28.16,27.65,27.66,27.66,11468572
2024-11-29,27.73,28.28,27.61,28.02,28.02,13601634
2024-12-02,28.16,28.38,27.81,28.31,28.31,15360168
2024-12-03,28.33,28.4,27.91,28.1,28.1,11955432
2024-12-04,28.03,28.19,27.51,27.65,27.65,12577877
2024-12-05,27.7,27.94,27.63,27.75,27.75,7359182
2024-12-06,27.75,28.05,27.56,27.94,27.94,12112592
2024-12-09,27.91,28.13,27.68,27.74,27.74,11464551
2024-12-10,28.31,28.45,27.81,27.85,27.85,16980955
2024-12-11,27.87,28.38,27.83,28.3,28.3,16696858
2024-12-12,28.31,28.31,27.95,28.28,28.28,12999912
2024-12-13,28.15,28.15,27.65,27.68,27.68,16669624
2024-12-16,27.68,27.78,27.2,27.27,27.27,12283249
2024-12-17,27.28,27.57,27.06,27.35,27.35,9389784
2024-12-18,27.48,27.51,27.2,27.24,27.24,8817032
2024-12-19,27.0,29.35,26.89,28.86,28.86,39499684
2024-12-20,28.51,28.98,28.4,28.68,28.68,26439021
2024-12-23,28.7,28.77,27.73,27.8,27.8,18296835
2024-12-24,27.8,28.0,27.57,27.9,27.9,14439897
2024-12-25,27.9,29.08,27.81,28.74,28.74,32344023
2024-12-26,28.79,30.63,28.52,30.29,30.29,54809489
2024-12-27,30.28,30.85,29.75,29.88,29.88,33062149
2024-12-30,30.8,30.97,30.0,30.03,30.03,25541848
2024-12-31,30.04,30.63,29.26,29.26,29.26,27215931
